personagem_1,personagem_2,quantidade_interacoes
TYRION,VARYS,326
CERSEI,JAIME,292
CERSEI,TYRION,262
DAENERYS,TYRION,254
BRIENNE,JAIME,239
GILLY,SAM,229
BRONN,TYRION,227
DAENERYS,JORAH,209
DAVOS,STANNIS,205
BRONN,JAIME,194
JAIME,TYRION,193
SHAE,TYRION,188
JON,YGRITTE,182
DAENERYS,JON,165
LITTLEFINGER,SANSA,159
ARYA,JAQEN,158
ROBB,TALISA,156
RAMSAY,THEON,143
ARYA,GENDRY,139
DAARIO,DAENERYS,136
JON,SAM,130
TYRION,TYWIN,130
BRIENNE,PODRICK,130
THEON,YARA,125
JON,TYRION,124
ARYA,SANSA,123
JON,TORMUND,122
SANSA,TYRION,110
CERSEI,TYWIN,105
ARYA,THE HOUND,102
DAVOS,MELISANDRE,100
MELISANDRE,STANNIS,93
JORAH,TYRION,90
PODRICK,TYRION,90
DAENERYS,MISSANDEI,85
JON SNOW,SANSA,83
BRAN,OSHA,82
ARYA,HOUND,82
SANSA,SHAE,80
CERSEI,QYBURN,79
CATELYN,ROBB,78
JON,MANCE,78
RAMSAY,ROOSE,78
MARGAERY,TOMMEN,77
DAVOS,SHIREEN,77
JON,SANSA,76
CUT TO,TYRION,74
BAELISH,SANSA,74
DAVOS,GENDRY,72
CERSEI,MARGAERY,71
GREY WORM,MISSANDEI,71
MARGAERY,OLENNA,70
JOFFREY,TYRION,65
BARRISTAN,DAENERYS,64
ARYA,TYWIN,64
JON,STANNIS,63
ARYA,HOT PIE,61
BRAN,JOJEN,60
DAENERYS,HIZDAHR,59
DAARIO,JORAH,59
CUT TO,DAENERYS,57
JOFFREY,MARGAERY,57
JAIME,TYWIN,57
BAELISH,CERSEI,56
LYSA,SANSA,56
CERSEI,TOMMEN,56
SANSA,THEON,55
DAVOS,JON,55
LANCEL,TYRION,55
JAIME,QYBURN,54
CERSEI,CUT TO,54
CUT TO,MAN,53
BERIC,SANDOR,53
MARGAERY,SANSA,53
CUT TO,DAVOS,52
BRAN,MEERA,51
OBERYN,TYRION,51
CERSEI,JOFFREY,50
CERSEI,SPARROW,49
ARYA,WAIF,49
BARRISTAN,JORAH,49
OBERYN,TYWIN,49
BRIENNE,SANSA,48
DAVOS,TYRION,48
MISSANDEI,TYRION,48
GREY WORM,TYRION,48
CERSEI,SANSA,47
ALTON,JAIME,45
MARWYN,SAMWELL,45
CERSEI,OLENNA,45
ROS,VARYS,45
ARYA,THOROS,45
CUT TO,JON,45
DAENERYS,SPICE KING,45
LITTLEFINGER,TYRION,44
DAENERYS,XARO,44
JAIME,LOCKE,43
LUWIN,THEON,42
CERSEI,EURON,42
SANDOR,THOROS,42
SHIREEN,STANNIS,41
HIGH SPARROW,MARGAERY,40
ARYA,JON,40
PYCELLE,TYRION,39
OLENNA,TYWIN,39
DAENERYS,VARYS,39
GENDRY,MELISANDRE,39
ARYA,CUT TO,38
DAVOS,MATTHOS,38
ARYA,LADY CRANE,38
JON,QHORIN,38
CERSEI,OBERYN,37
GRENN,SAM,37
CUT TO,SANSA,36
JOFFREY,TYWIN,36
RICKARD KARSTARK,ROBB,36
ARYA,BRIENNE,36
CERSEI,LANCEL,36
JOFFREY,SANSA,36
SELYSE,STANNIS,35
BALON,THEON,35
BRIENNE,MAN,34
LORAS,MARGAERY,34
RAMSAY,SANSA,34
OLENNA,VARYS,33
JANOS,TYRION,33
JAIME,MYRCELLA,33
CERSEI,PYCELLE,33
BRAN,HODOR,33
INT,TYRION,32
GILLY,SAMWELL,32
CERSEI,HIGH SPARROW,32
BRAN,THEON,32
DAENERYS,SANSA,32
ROBIN,SANSA,32
BRAN,SAM,32
JON,SAMWELL,31
CUT TO,JAIME,31
CERSEI,TYCHO,31
OLENNA,TYRION,30
RAY,SANDOR,30
DANY,SER JORAH,30
MELISANDRE,SELYSE,30
BRAN,SANSA,29
BRIENNE,CATELYN,29
ARYA,BERIC,29
SANSA,THE HOUND,29
SANDOR,TORMUND,28
BRAN,CUT TO,28
ALLISER,JON,28
EDMURE,ROBB,28
LITTLEFINGER,TYWIN,28
JAIME,OLENNA,27
DAVOS,SALLADHOR,27
BRONN,PODRICK,27
HIGH SPARROW,TOMMEN,27
PETYR,SANSA,26
CATELYN,NED,26
RAMSAY,SMALLJON,26
MYRANDA,SANSA,26
DAGMER,THEON,26
ARYA,MAN,26
DAVOS,TORMUND,25
KRAZNYS MO NAKLOZ,MISSANDEI,25
BRAN,TYRION,25
TORMUND,YGRITTE,25
BRONN,TYENE,25
AEMON,SAM,25
MEERA,OSHA,25
KRAZNYS,MISSANDEI,24
OBERYN,VARYS,24
BERIC,THOROS,24
JAIME,TOMMEN,24
SHAE,VARYS,24
OLENNA,SPARROW,24
DORAN,ELLARIA,24
CERSEI,KEVAN,24
EXT,INT,23
BALON,YARA,23
LITTLEFINGER,LYSA,23
TOMMEN,TYWIN,23
CRASTER,LORD MORMONT,23
OSHA,THEON,23
HOUND,POLLIVER,23
EXT,TYRION,23
ROBB,ROOSE BOLTON,22
ELLARIA,OBERYN,22
EDMURE,JAIME,22
JON,THEON,22
BRIENNE,HOT PIE,22
CATELYN,TALISA,21
MELISANDRE,SHIREEN,21
HODOR,MEERA,21
DAENERYS,KHAL MORO,21
DAVOS,JON SNOW,21
OLLY,SAM,21
LITTLEFINGER,MARGAERY,21
CUT TO,TORMUND,20
JORAH,SAMWELL,20
CUT TO,WOMAN,20
JON SNOW,MELISANDRE,20
HIGH SPARROW,JAIME,20
CERSEI,MACE,20
PYP,SAM,20
BERIC,JON,20
MAN,TYRION,20
JAIME,ROOSE BOLTON,20
DAVOS,SANSA,19
GENDRY,HOT PIE,19
BRIENNE,CUT TO,19
JON,ORELL,19
CUT TO,GREY WORM,19
JON,MELISANDRE,19
GILLY,MOLE'S TOWN WHORE,19
CUT TO,RAMSAY,19
ROOSE BOLTON,WALDER FREY,19
JOJEN,MEERA,19
CUT TO,THE HOUND,19
DOLOROUS EDD,GRENN,19
OLENNA,SANSA,19
DOLOROUS EDD,SAM,19
DAVOS,SAAN,19
PRISONER,THE TICKLER,19
JAIME,RANDYLL,18
BRIENNE,HOUND,18
CATELYN,JAIME,18
MYRANDA,RAMSAY,18
JON,VARYS,18
JOJEN,OSHA,18
BRIENNE,BRYNDEN,18
EURON,JAIME,18
JAQEN,WAIF,18
JEOR,JON,18
LORAS,OLYVAR,18
CATELYN,LITTLEFINGER,18
OSHA,RAMSAY,18
CUT TO,EURON,18
NED,ROBERT,17
OBERYN,OLYVAR,17
SOLDIER,STANNIS,17
CUT TO,JORAH,17
THEON,WOMAN,17
CUT TO,THEON,17
DAENERYS,SAMWELL,17
ILLYRIO,VISERYS,17
BRYNDEN,JAIME,17
DAVOS,MAN,17
CATELYN,RENLY,17
LORD ROYCE,PETYR,17
ORELL,YGRITTE,17
THEON,TORTURER,17
SPICE KING,XARO,17
EXT,MAN,17
BAELISH,BRIENNE,17
BERIC,THE HOUND,17
SAM,STANNIS,17
ROS,TYRION,16
BLACK HAIRED PROSTITUTE,TYRION,16
CERSEI,MAGGY,16
JAIME,ROBB,16
JON,JORAH,16
CUT TO,MEN,16
GRENN,JON,16
QYBURN,TYRION,16
RALF,THEON,16
DAENERYS,GREY WORM,16
EXT,JAIME,16
CUT TO,MELISANDRE,16
DORAN,JAIME,16
MARGAERY,RENLY,16
MARWYN,SAM,16
JANOS,JON,16
MELISANDRE,VARYS,16
ANGUY,ARYA,16
DAENERYS,INT,15
ALLISER THORNE,JON,15
CAMELLO,LADY CRANE,15
DAARIO,TYRION,15
BRAN,JAIME,15
DOLOROUS EDD,JON SNOW,15
ORELL,TORMUND,15
ROBB,THEON,15
FARMER HAMLET,HOUND,15
DANY,MISSANDEI,15
BANKER,MACE,15
CUT TO,MARGAERY,15
BLACK LORREN,THEON,15
BAELISH,ROOSE,15
MYRANDA,VIOLET,15
JON SNOW,LYANNA,15
LADY ANYA,PETYR,15
QHORIN,YGRITTE,15
ELLARIA,YARA,15
STYR,YGRITTE,14
DAARIO,GREY WORM,14
DAVOS,TYCHO,14
SHAE,TYWIN,14
MELISANDRE,THOROS,14
STANNIS,TYCHO,14
BRAN,RICKON,14
EXT,JON,14
ALTON,ROBB,14
DAENERYS,FENNESZ,14
CUT TO,MEERA,14
JON,KARSI,14
DAENERYS,KRAZNYS,14
BAELISH,OLENNA,14
JAIME,MAN,14
CRASTER,JEOR,14
BRONN,CUT TO,14
LORAS,SPARROW,14
GENDRY,THOROS,14
LOCKE,MAN,14
DAENERYS,RADZAL MO ERAZ,14
BRIENNE,TYRION,14
TYWIN,VARYS,13
JANOS SLYNT,JON,13
SANSA,SER DONTOS,13
MARGAERY,SPARROW,13
CUT TO,SANDOR,13
EURON,YARA,13
BRONN,LOLLYS,13
ARYA,CAPTAIN,13
CUT TO,MISSANDEI,13
CUT TO,SAM,13
DAENERYS,THEON,13
RENLY,STANNIS,13
LORAS,SANSA,13
THE HOUND,TYRION,13
CATELYN,RICKARD KARSTARK,13
BRIENNE,CERSEI,13
BRAN,LUWIN,13
CERSEI,VARYS,13
JON,MISSANDEI,13
INT,SHAE,13
HARRAG,THEON,13
CUT TO,QYBURN,12
LYANNA,NED,12
MEN,THEON,12
DICKON,JAIME,12
ROBB,ROOSE,12
CUT TO,YARA,12
ARYA,BRAN,12
JON SNOW,TORMUND,12
BENJEN,JON,12
BRONN,QYBURN,12
LITTLEFINGER,YOHN ROYCE,12
CUT TO,JON SNOW,12
ARYA,YOREN,12
GENDRY,SANDOR,12
BRYNDEN,CATELYN,12
BRIENNE,TORMUND,12
EXT,YGRITTE,12
SER BARRISTAN,SER JORAH,12
PYCELLE,QYBURN,12
GRENN,RAST,12
DAENERYS,JAIME,12
THE HOUND,THOROS,12
JON,OLLY,12
JON SNOW,ROBETT,12
DAARIO,MERO,12
JAIME,JOFFREY,12
BRAN,CATELYN,12
SAM,TYRION,12
BRONN,RIDER,11
CUT TO,LITTLEFINGER,11
DAENERYS,MERO,11
DAVOS,MISSANDEI,11
DAENERYS,JON SNOW,11
GENDRY,JON,11
DAENERYS,YARA,11
JOJEN,SAM,11
JOJEN,KARL TANNER,11
KINVARA,TYRION,11
DAENERYS,KOVARRO,11
ANGUY,THOROS,11
CUT TO,STANNIS,11
MAN,THEON,11
BRAN,EXT,11
RODRIK,THEON,11
LUWIN,OSHA,11
AEMON,JON,11
LITTLEFINGER,RENLY,11
ANGUY,THE HOUND,11
CERSEI,SHAE,11
CERSEI,LITTLEFINGER,11
TYRION,YEZZAN,10
JORAH,MARWYN,10
BRIENNE,DAVOS,10
DAENERYS,LHAZAREEN WOMAN,10
DAVOS,DOLOROUS EDD,10
DAENERYS,DAVOS,10
LORD OF BONES,YGRITTE,10
CUT TO,JOFFREY,10
DAVOS,SALLADOR,10
INT,ROBB,10
ROS,SHAE,10
MARTHA,VARYS,10
BRIENNE,SANDOR,10
JEOR,QHORIN,10
HIGH SPARROW,LORAS,10
SELYSE,SHIREEN,10
BRAND,DERRYK,10
GILLY,JON,10
ARYA,EXT,10
DAVOS,LYANNA,10
INT,TYWIN,10
BRAN,RODRIK,10
DAENERYS,EXT,10
CERSEI,MELARA,10
JON,LOBODA,10
AMORY,ARYA,10
DAENERYS,MOSSADOR,10
EXT,THEON,10
EDD,JON,10
CUT TO,MARWYN,10
DAENERYS,GENDRY,10
BRAN,NED,10
MYRCELLA,TRYSTANE,10
JAIME,WALDER,10
MALKO,TYRION,10
DOLOROUS EDD,JON,9
LEM,RAY,9
LORD OF BONES,TORMUND,9
CERSEI,SEPTA,9
CUT TO,VARYS,9
SANSA,WOLKAN,9
SANSA,YOHN,9
BRONN,HAYLENE,9
BRYNDEN,GUARD CAPTAIN,9
ARYA,MELISANDRE,9
ALLISER THORNE,DAVOS,9
GREY WORM,VARYS,9
CRAYAH,DIRAH,9
PYCELLE,TYWIN,9
INT,VARYS,9
DYING MAN,THE HOUND,9
LITTLEFINGER,ROBIN,9
MARTYN,TALISA,9
ARYA,DYING MAN,9
JON,LOCKE,9
LITTLEFINGER,LORAS,9
BENJEN,BRAN,9
MYRANDA,THEON,9
BRONN,VARYS,9
JON,NED,9
EDD,SAMWELL,9
HIZDAHR,TYRION,9
GILLY,SHIREEN,9
ARYA,SANDOR,9
LITTLEFINGER,VARYS,9
CUT TO,EXT,9
CUT TO,SOLDIER,9
MANCE,TORMUND,9
CUT TO,SAMWELL,9
BALON,EURON,9
DAENERYS,DOREAH,9
BRIENNE,LOCKE,9
MANCE,STANNIS,9
ELLARIA,JAIME,9
BERIC,CUT TO,9
LORAS,RENLY,9
MATTHOS,STANNIS,9
BRYNDEN,EDMURE,9
EXT,SAM,9
CUT TO,GENDRY,8
JEOR,RAST,8
MEN,THOROS,8
BAELISH,ROZ,8
ALLISER THORNE,MAESTER AEMON,8
JAIME,PODRICK,8
BLACK WALDER,WALDER,8
ALL,THEON,8
JOFFREY,SER DONTOS,8
CRASTER,KARL TANNER,8
JORAH,QUAITH,8
CERSEI,HARRY,8
CERSEI,DAENERYS,8
CUT TO,LYANNA,8
DAENERYS,MELISANDRE,8
INT,MAN,8
INT,SANSA,8
NYMERIA,TYENE,8
EDD,SAM,8
MELESSA,SAM,8
DICKON,SAM,8
INT,THEON,8
THEON,TYRION,8
DAENERYS,IRRI,8
CATELYN,WALDER,8
OLYVAR,SPARROW,8
CUT TO,OLENNA,8
INT,STANNIS,8
HIGH SEPTON,OLYVAR,8
BLACKSMITH,JANOS,8
CERSEI,JON,8
CUT TO,PODRICK,8
ALLISER,NIGHT'S WATCH,8
CATELYN,SANSA,8
CUT TO,HIGH SPARROW,8
JAIME,LORAS,8
BRONN,PROSTITUTE,8
ALLISER,JANOS,8
ED,JON,8
CUT TO,GILLY,8
ELLARIA,OLENNA,7
DAARIO,HIZDAHR,7
EXT,SANSA,7
ROBB,WALDER,7
ARYA,RORGE,7
BLACK WALDER,LOTHAR,7
IZEMBARO,LADY CRANE,7
BRAN,INT,7
JEOR,SAM,7
MATTHOS,SAAN,7
CUT TO,HOUND,7
BRIENNE,MARGAERY,7
DOREAH,XARO,7
CATELYN,LUWIN,7
BAELISH,LANCEL,7
MERO,PRENDAHL,7
CUT TO,TOMMEN,7
CUT TO,JAQEN,7
HODOR,JOJEN,7
THEON,VIOLET,7
BARRISTAN,DAARIO,7
THE MOUNTAIN,TYWIN,7
EXT,TYWIN,7
MAESTER,SAM,7
AMORY,YOREN,7
ALL,YARA,7
FREY GUARD,THE HOUND,7
CATELYN,ROOSE,7
EXT,OSHA,7
HODOR,OSHA,7
CERSEI,INT,7
BRIENNE,RENLY,7
CRESSEN,DAVOS,7
CUT TO,ROBB,7
BAELISH,ROYCE,7
GUARD,JOFFREY,7
EDD,GRENN,7
JON,LORD MORMONT,7
BRONN,MERYN TRANT,7
ARYA,FARMER HAMLET,7
GILLY,MAESTER AEMON,7
JORAH,THOROS,7
INT,YGRITTE,7
INT,JAIME,7
CROWD,DAENERYS,7
ALLISER,SAM,7
BRONN,SOLDIER,7
ELLARIA,OLYVAR,7
EXT,VARYS,7
BRAN,JON,7
LADY WALDA,RAMSAY,7
BENJEN,NED,7
JAIME,NED,7
BRYNDEN,ROBB,7
DAVOS,GREY WORM,6
TYRION,UNSULLIED,6
JON,QUORIN,6
MAESTER AEMON,SAM,6
STYR,TORMUND,6
MORGAN,OBERYN,6
BRONN,THE HOUND,6
CUT TO,GUARD,6
KEVAN,TYWIN,6
CUT TO,LANCEL,6
MEERA,TANNER,6
GUARD,JAIME,6
ARYA,FREY SOLDIER,6
DAVOS,EXT,6
DAENERYS,PYAT PREE,6
DORNISH LORD,TYRION,6
CERSEI,SER DONTOS,6
ROOSE BOLTON,TALISA,6
NYMERIA,OBARA,6
LADY ANYA,LORD ROYCE,6
INT,JOFFREY,6
CERSEI,HIGH SEPTON,6
JOFFREY,MAN,6
ARYA,OLD MAN,6
DAARIO,MISSANDEI,6
SANSA,WOMAN,6
ROOSE,SANSA,6
CUT TO,PYCELLE,6
BRAN,OLD MAN,6
DONNEL,GRENN,6
MEERA,OLD MAN,6
LORD ROYCE,SANSA,6
GOATHERD,MISSANDEI,6
ED,GRENN,6
OSHA,RICKON,6
SANDOR,TYRION,6
DAISY,ROZ,6
HANDMAIDEN,WALDER,6
CERSEI,SEPTA UNELLA,6
MAN,TORMUND,6
CERSEI,JANOS,6
PYCELLE,VARYS,6
JOFFREY,PYCELLE,6
INT,RAMSAY,6
BERIC,HOUND,6
BRAN,SAMWELL,6
ARYA,INT,6
MANCE,ORELL,6
DAENERYS,VISERYS,6
BERIC,TORMUND,6
JORAH,TORMUND,6
BOBONO,LADY CRANE,6
GATINS,MAN,6
JOFFREY,ROS,6
MARGAERY,SEPTA UNELLA,6
BLACK WALDER,ROBB,6
BRONN,DAVOS,6
TALISA,WOUNDED SOLDIER,6
ARYA,POLLIVER,6
MAN,WOMAN,6
JORAH,MALKO,6
ELARIA,OBARA,6
AMORY,TYWIN,6
BRIENNE,ROOSE BOLTON,6
ARTHUR,NED,6
VALA,VARYS,6
CERSEI,LADY OLENNA,6
GOLD CLOAK,YOREN,6
JEOR,KARL TANNER,6
HOT PIE,LOMMY,6
SANSA,TORMUND,6
JON SNOW,RAMSAY,6
RANDYLL,SAM,6
SISSY,TANNER,5
GRENN,LOCKE,5
EXT,JORAH,5
EXT,GENDRY,5
BRAN,GREY WORM,5
BRONN,SAM,5
CUT TO,ELLARIA,5
BRONN,OBERYN,5
EXT,TALISA,5
BALON DWARF,ROBB DWARF,5
GREY WORM,JON,5
GREY WORM,SANSA,5
CATELYN,INT,5
ALLISER THORNE,LOCKE,5
MOLE'S TOWN MADAM,SAM,5
CUT TO,DOLOROUS EDD,5
DAENERYS,MAN,5
ARYA,MEN,5
DAVOS,OLLY,5
DAENERYS,DROGO,5
BAELISH,RAMSAY,5
BAELISH,CUT TO,5
EXT,THE HOUND,5
BLACKFISH,CATELYN,5
GILLY,MEERA,5
RORGE,THE HOUND,5
LOMMY,POLLIVER,5
MEERA,RICKON,5
BOLTON OFFICER,THEON,5
MAESTER WOLKAN,RAMSAY,5
ROBB,WOUNDED SOLDIER,5
CATELYN,EXT,5
CATELYN,STANNIS,5
KARSI,TORMUND,5
HEAD,MERYN,5
BUYER,TYRION,5
JAIME,TRYSTANE,5
DERRYK,GILLY,5
JON SNOW,YGRITTE,5
ANGUY,BERIC,5
JON,LORD OF BONES,5
MELISANDRE,RENLY,5
INT,JON,5
DAENERYS,DARIO,5
PRIESTESS,TYRION,5
REGINALD,TYWIN,5
OBARA,TYENE,5
THEON,WINTERFELL SHEPHERD,5
OBERYN,SHAE,5
DAVOS,INT,5
MAN,SANSA,5
HIZDAHR,MOSSADOR,5
LADY ANYA,SANSA,5
MAN,MERYN,5
MAID,MARGAERY,5
ARTHUR,QYBURN,5
MISSANDEI,VARYS,5
LORD KARSTARK,RAMSAY,5
DOLOROUS EDD,RAST,5
ALTON,CERSEI,5
CHILD,MARGAERY,5
CUT TO,THOROS,5
CUT TO,EDD,5
EURON,THEON,5
MELESSA,RANDYLL,5
BLACK WALDER,JAIME,5
CAPTAIN,HIGH SPARROW,5
DAENERYS,DOTHRAKI MATRON,5
EXT,TORMUND,5
LOCKE,ROOSE BOLTON,5
CUT TO,IZEMBARO,5
INT,LITTLEFINGER,5
BRIENNE,INT,5
DAENERYS,LEADER,5
BAELISH,JON,5
DAENERYS,RAKHARO,5
LORD,LUWIN,5
EXT,JOJEN,5
DICKON,RANDYLL,5
BENJEN,MEERA,5
CRESSEN,MELISANDRE,5
JOFFREY,THE HOUND,5
GENDRY,THE HOUND,5
EURON,TYRION,5
BERIC,JON SNOW,5
JON SNOW,JORAH,5
BAELISH,BRAN,5
TORMUND,TYRION,5
RAST,SAM,5
GARED,ROYCE,5
NED,THEON,4
GREY WORM,INT,4
NED,ROBB,4
CASSEL,NED,4
JORAH,MELISANDRE,4
NORA,VICKY,4
EDD,TORMUND,4
CATELYN,CERSEI,4
JAIME,SANSA,4
DAENERYS,KHAL DROGO,4
CAPTAIN,THEON,4
OBARA,OLENNA,4
CRASTER,JON,4
BRAN,LORD,4
CUT TO,WOLKAN,4
DAVOS,THEON,4
LOTHAR,WALDER,4
CUT TO,INT,4
ALL,SMALLJON,4
MEN,WALDER,4
GATINS,SANDOR,4
LYANNA,SANSA,4
JAIME,LOTHAR,4
EDMURE,GUARD CAPTAIN,4
JAQEN,RORGE,4
EXT,JEOR,4
BOBONO,CUT TO,4
BIANCA,LADY CRANE,4
LEADER,LHAZAREEN WOMAN,4
INT,ROOSE BOLTON,4
BERIC,EXT,4
GILLY,RANDYLL,4
MAN,MEN,4
AERON,YARA,4
JOFFREY,LANCEL,4
CUT TO,DAARIO,4
INT,YARA,4
CRASTER,RAST,4
BRONN,INT,4
RAZDAL,TYRION,4
MEERA,RIDER,4
LEAF,MEERA,4
DAISY,ROS,4
ARYA,WOMAN,4
CATELYN,EDMURE,4
BRIENNE,STANNIS,4
MERYN,TYRION,4
BARRISTAN,EXT,4
CUT TO,ROOSE,4
HIGH SEPTON,QYBURN,4
EDMURE,LOTHAR,4
MAN,STANNIS,4
MALKO,SLAVER,4
JORAH,QUAITHE,4
DAENERYS,WOMAN,4
HAYLENE,TYRION,4
BRONN,OBARA,4
BOY,YGRITTE,4
DERRYK,SAM,4
DAVOS,RAMSAY,4
ARYA,THIN MAN,4
KARSI,LOBODA,4
JORAH,MASTER,4
CUT TO,LORAS,4
BOLTON GUARD,YARA,4
CERSEI,EXT,4
CUT TO,HODOR,4
ALLISER THORN,JON,4
EXT,YARA,4
BRIENNE,JACKS,4
RAST,TANNER,4
JANOS,SAM,4
MAN,THE HOUND,4
HOT PIE,PODRICK,4
AHSA,THEON,4
CERSEI,MERYN,4
ARYA,LITTLEFINGER,4
CUT TO,TYWIN,4
BARRISTAN SELMY,DAENERYS,4
ELDER MEEREEN SLAVE,GREY WORM,4
MAN,RAMSAY,4
INNKEEPER'S DAUGHER,MAN,4
JON,PYP,4
MEERA,SAM,4
BRONN,MAN,4
SOLDIER,TYRION,4
ELLARIA,MORGAN,4
EXT,SHAE,4
BRIENNE,OLENNA,4
RAMSAY,TANSY,4
ALLISER THORNE,JANOS SLYNT,4
JAIME,MERYN,4
ROOSE,THEON,4
AXELL FLORENT,MELISANDRE,4
DAVOS,SELYSE,4
LITTLEFINGER,SER DONTOS,4
DAENERYS,PRENDAHL,4
GILLY,PYP,4
GILLY,MELESSA,3
BRYNDEN,CUT TO,3
ATTENDANT,CUT TO,3
CAPTAIN,CUT TO,3
MAN,YARA,3
BRONN,RANDYLL,3
JORAH,SAM,3
EXT,RICKARD KARSTARK,3
DAENERYS,OLENNA,3
ELLARIA,TYRION,3
JON,ROBETT,3
CERSEI,WOMAN,3
EXT,OLENNA,3
BRONN,CRAYAH,3
CUT TO,TYCHO,3
CERSEI,MESSENGER,3
DICKON,TYRION,3
RANDYLL,TYRION,3
BENJEN,JON SNOW,3
BRONN,DICKON,3
GENDRY,TORMUND,3
BAELISH,WOLKAN,3
INT,MARTYN,3
BRAN,CERSEI,3
JAIME,TORMUND,3
EXT,MANCE,3
EXT,RAST,3
EXT,ORELL,3
CATELYN,ROBERT,3
HOT PIE,THOROS,3
HOT PIE,MAN,3
EXT,JOFFREY,3
ANNOUNCER,HIZDAHR,3
GREY WORM,JORAH,3
BLACK WALDER,EDMURE,3
ANGUY,MELISANDRE,3
ANGUY,GENDRY,3
EXT,MELISANDRE,3
HOUND,JOFFREY,3
EXT,LITTLEFINGER,3
BRAN,YOUNG BENJEN,3
LADY WALDA,RAMSEY,3
YOUNG BENJEN,YOUNG LYANNA,3
CHILD OF THE FOREST,MEERA,3
DOLOROUS EDD,TORMUND,3
RED PRIEST,TYRION,3
CUT TO,SHIREEN,3
BRONN,WHORE,3
QYBURN,TALISA,3
RICKARD KARSTARK,ROOSE BOLTON,3
CERSEI,MAESTER PYCELLE,3
LORD KARSTARK,MAESTER WOLKAN,3
LORD KARSTARK,ROOSE,3
GERARD,RENLY,3
JORAH,MISSANDEI,3
MAN,ROBB,3
INT,MARGAERY,3
LORD KARSTARK,SMALLJON,3
DROWNED PRIEST,THEON,3
INT,PYCELLE,3
VARYS,WOMAN,3
LITTLE BIRD,QYBURN,3
INT,OLENNA,3
LOCKE,RAMSAY,3
BRIENNE,LORAS,3
CATELYN,LORAS,3
EXT,MARGAERY,3
BRAN,LEAF,3
CAMELLO,IZEMBARO,3
CERSEI,MAESTER PYCELL,3
JON SNOW,MAN,3
CERSEI,MYRCELLA,3
JAIME,KEVAN,3
MAN,THOROS,3
ARYA,CERSEI,3
DAVOS,TEELA,3
JAIME,JON,3
GUARD,SANSA,3
JANOS,ROZ,3
JON,LYANNA,3
LYANNA,ROBETT,3
DOREAH,IRRI,3
DOLOROUS EDD,MAN,3
AREO,OBARA,3
HIZDAHR,MISSANDEI,3
LANCEL,LORAS,3
DAENERYS,PYATT PREE,3
AREO,DORAN,3
GENDRY,THE TICKLER,3
BRIENNE,EXT,3
MAN,THIN MAN,3
BRAND,SAM,3
BROTHER,JON,3
HEAD,MAN,3
ED,PYP,3
HOUND,THE HOUND,3
CUT TO,PETYR,3
PETYR,ROBIN,3
SAM,TORMUND,3
BRAN,GIRL,3
JORAH,MERO,3
MOUNTAIN,OBERYN,3
GUARD,MAN,3
PIG FARMER,THE HOUND,3
PODRICK,SANSA,3
SANSA,WAITRESS,3
CERSEI,PRIEST,3
GUARD,TYWIN,3
MAN,MISSANDEI,3
GUARD,TYRION,3
BRAN,WINTERFELL SHEPHERD,3
BABY,SAM,3
CROWD,PRIESTESS,3
LUWIN,RODRIK,3
AEMON,JANOS,3
EXT,QYBURN,3
NYMERIA,TRYSTANE,3
MEN,OWNER,3
ELARIA,TYENE,3
JAIME,RIDER,3
KNIGHT,LITTLEFINGER,3
GUARD,OSHA,3
JON,MAN,3
CUT TO,MACE,3
CERSEI,THE MOUNTAIN,3
OLD MAN,TORMUND,3
EXT,HOT PIE,3
CUT TO,HOT PIE,3
BRINENNE,JAIME,3
GUYMON,OLLY,3
JANOS SLYNT,SAM,3
TANNER,WOMEN,3
MEN,YARWYCK,3
ALLISER THORN,GRENN,3
EXT,ROBB,3
MACE,VARYS,3
MYRANDA,YARA,3
JON,MORAG,3
LYSA,ROBIN,3
BRAN,KARL TANNER,3
CUT TO,RAST,3
BRIENNE,JOFFREY,3
RAMSAY,WALDA,3
ROOSE,WALDA,3
JOFFREY,VARYS,3
EXT,STANNIS,3
JOFFREY DWARF,ROBB DWARF,3
BLACKFISH,ROOSE,3
JOFFREY,LITTLEFINGER,3
EXT,RAMSAY,3
FREY MAN,FREY MEN,3
MORGAN'S FRIEND,OBERYN,3
INT,THE HOUND,3
WAYMAR ROYCE,WILL,3
BRIENNE,BRONN,3
ROYCE,WILL,3
JON,ROBB,3
ARYA,NORA,3
ARYA,OWEN,2
CATELYN,MAESTER LUWIN,2
JAIME,THEON,2
SANSA,YARA,2
TYRION,YOHN ROYCE,2
EXT,MEERA,2
CUT TO,OBERYN,2
CERSEI,EURION,2
EXT,GREY WORM,2
NORA,WOMAN,2
CUT TO,FATHER,2
ROBERT,TYRION,2
CERSEI,NED,2
CERSEI,ROBERT,2
ARYA,ROBERT,2
THE HOUND,TORMUND,2
LYANNA,SAMWELL,2
JORAH,LYANNA,2
MEN,STANNIS,2
JOFFREY,SOLDIER,2
CERSEI,GOLD CLOAK,2
JOFFREY,SHAE,2
JAIME,LYANNA,2
MAID,VISERYS,2
GILLY,INT,2
GILLY,WOMAN,2
CRASTER,INT,2
JAIME,MEN,2
BRONN,DIRAH,2
EURON,HARRY,2
LYANNA,MAN,2
BERIC,EDD,2
EURON,JON,2
JANOS SLUNT,JON,2
ALL,SANSA,2
ROYCE,TYRION,2
BENJEN,ROBB,2
BENJEN,TYRION,2
ILLYRIO,JORAH,2
LUWIN,NED,2
SANSA,UMBER,2
BRAN,LYANNA,2
CERSEI,MEN,2
HARRAG,MAN,2
BERIC,DAVOS,2
BERIC,JORAH,2
THOROS,TORMUND,2
BERIC,GENDRY,2
CERSEI,MISSANDEI,2
HODOR,SAM,2
MEN,SOLDIER,2
BRONN,MEN,2
MORGAN,OLYVAR,2
ARCHERS,JAIME,2
GENDRY,JON SNOW,2
JON,THOROS,2
ELLIA,TYRION,2
CERSEI,TYENE,2
ELLARIA,THEON,2
DAENERYS,GUARD,2
DAENERYS,RANDYLL,2
LITTLEFINGER,PYCELLE,2
GRENN,JEOR,2
OLENNA,SERVANT,2
EXT,LORAS,2
JOFFREY,TAILOR,2
GREYWORM,MISSANDEI,2
MELISANDRE,TYRION,2
ERSEI,PYCELLE,2
DAENERYS,MELISDANDRE,2
CUT TO,SHAE,2
CRESSEN,STANNIS,2
CROWD,MELISANDRE,2
JON,WOLKAN,2
BRAN,EDD,2
EDD,MEERA,2
DAENERYS,OLEANNA,2
MELISANDRE,THE GROUP,2
CRASTER,GILLY,2
CUT TO,JANOS,2
JANOS,MHAEGAN,2
CATELYN,CUT TO,2
CATELYN,THEON,2
GLOVER,JON SNOW,2
TORMUND,VALE KNIGHT,2
EDDISION,SAM,2
AXELL FLORENT,SELYSE,2
JOFFREY,MACE,2
ARYA,WALDER,2
NYMERIA,OLENNA,2
BRONN,WALDER,2
ALL,JEOR,2
DOLOROUS EDD,JEOR,2
EXT,GILLY,2
TYRION,YARA,2
CRASTER,EDD,2
BELICHO,RAZDAL,2
DAENERYS,RAZDAL,2
RENLY DWARF,STANNIS DWARF,2
BALON DWARF,RENLY DWARF,2
BALON DWARF,JOFFREY DWARF,2
INT,MATTHOS,2
AYRA,HOT PIE,2
SHAE,TRION,2
INT,TALISA,2
ARYA,GOLD CLOAK,2
GENDRY,RORGE,2
BAELISH,VARYS,2
CUT TO,ROBETT,2
ROBETT,SANSA,2
LEM,SANDOR,2
GUARD,GUARD CAPTAIN,2
BRONN,JANOS,2
JANOS,PODRICK,2
BAELISH,PODRICK,2
TORMUND,WUN WUN,2
JOFFREY,LORAS,2
ALL,TYRION,2
ELLARIA,TYWIN,2
LOCKE,THEON,2
ROOSE,WOMAN,2
RIDER,ROBB,2
DIM DALBA,TORMUND,2
CUT TO,RAY,2
MAN,RAY,2
GATINS,YOUNG MAN,2
INT,LUWIN,2
EXT,HODOR,2
ALL THREE,BALON,2
JAIME,MACE,2
BOBONO,IZEMBARO,2
BOBONO,CLARENZO,2
EXT,GUARD,2
ALL,CLARENZO,2
DICKON,GILLY,2
MELESSA,TALLA,2
SAM,TALLA,2
CUT TO,MELESSA,2
SOLDIER,THEON,2
MAREI,TYRION,2
OLENNA,PODRICK,2
KRAZNYS MO NAKLOZ,UNSULLIED,2
DAENERYS,KRAZNYS MO NAKLOZ,2
MAN,MARGAERY,2
EXT,LUWIN,2
KINVARA,VARYS,2
AERON,EURON,2
CUT TO,FARMER HAMLET,2
BARRISTAN SELMY,MISSANDEI,2
CHAMPION,DAENERYS,2
CHAMPION,JORAH,2
CERSEI,MAN,2
AERON,AERSON,2
CUT TO,LADY CRANE,2
CUT TO,YOUNG HODOR,2
EXT,RENLY,2
BIANCA,BOBONO,2
CLARENZO,LADY CRANE,2
BIANCA,CAMELLO,2
BOBONO,CAMELLO,2
IZEMBARO,LADYC RANE,2
CLARENZO,IZEMBARO,2
ALLISER THRONE,JON SNOW,2
BOWEN MARSH,JON SNOW,2
ELDER MEEREEN SLAVE,MOSSADOR,2
CATELYN,GUARD,2
CESEI,TYRION,2
CATELYN,RICKARD,2
DAVOS,GILLY,2
KEVAN,LADY OLENNA,2
MAESTER PYCELL,TOMMEN,2
BIANCA,IZEMBARO,2
ROBIN,YOHN ROYCE,2
DANAERYS,MISSANDEI,2
GENDRY,INT,2
DAVOS,GUARD,2
DAVOS,JORAH,2
PODRICK,SAM,2
ORELL,OSHA,2
ALLISER THORNE,PYP,2
OLLY,STYR,2
INT,RENLY,2
MISSANDEI,RAZDAL,2
BELICHO,TYRION,2
JAIME,LADY OLENNA,2
CUT TO,MAESTER PYCELLE,2
JAIME,QYBURNS,2
GENDRY,YOREN,2
LITTLEFINGER,ROS,2
QYBURN,ROBB,2
RATTLESHIRT,TORMUND,2
INT,TORMUND,2
INT,SHIREEN,2
CUT TO,SELYSE,2
EDMURE,EVERYBODY,2
EVERYBODY,ROBB,2
ELDER MEEREEN SLAVE,MEEREEN SLAVE,2
CATELYN,JACKS,2
HOT PIE,POLLIVER,2
ALLISER THORNE,DOLOROUS EDD,2
NAN,YOUNG NED,2
BRAN,NAN,2
YOUNG LYANNA,YOUNG NED,2
AERON,ALL,2
AERON,CUT TO,2
BALON,HOODED FIGURE,2
BALON,CUT TO,2
BRAN,YOUNG NED,2
RAMSAY,SURVIVOR,2
ALL,HIGH SEPTON,2
CUT TO,TANNER,2
KARL,MEERA,2
KARL TANNER,MEERA,2
ALLISER THORNE,CUT TO,2
YOUNG BENJEN,YOUNG NED,2
DAARIO,VARYS,2
INT,SELYSE,2
BERIC,MELISANDRE,2
ANNOUNCER,DAENERYS,2
ANNOUNCER,TYRION,2
GENDRY,WOMAN,2
MAN,SOLDIER,2
ARYA,SOLDIER,2
JORAH,MAN,2
LOBODA,TORMUND,2
HEAD PROSTITUTE,MERYN,2
CERSEI,PODRICK,2
CESEI,TYWIN,2
BRON,LOCKE,2
HODOR,LOCKE,2
BRAN,LOCKE,2
CUT TO,ROBIN,2
MAN,VARYS,2
INT,MELISANDRE,2
BRYNDEN,TALISA,2
DAUGHTER,KARSI,2
DANERYS,TYRION,2
LOBODA,SHOUTING,2
LITTLEFINGER,OLYVAR,2
CATELYN,MAN,2
POLLIVER,TYWIN,2
MAN,TYWIN,2
DAENERYS,SEPTA,2
MALKO,SLAVE BUYER,2
GILLY,SAMMY,2
HANDMAIDEN,SHAE,2
LHARA,SALLADOR,2
MAN,RAST,2
HIGH SPARROW,OLENNA,2
CERSEI,OLYVAR,2
MYRCELLA,OBARA,2
BRONN,MYRCELLA,2
BRONN,ELLARIA,2
SLAVER,TYRION,2
BLACK WALDER,BRYNDEN,2
EXT,GRENN,2
RATTLESHIRT,WILDLING,2
SANSA,WALDA,2
MYRANDA,WOMAN,2
CUT TO,JEOR,2
TWYIN,TYRION,2
INT,OBERYN,2
PYAT PREE,PYATTPREE,2
DAENERYS,SILK KING,2
MELISANDRE,SAM,2
CROWD,PROTESTER,2
PROTESTER,TYRION,2
GIRL,MAN,2
JAQEN,TYRION,2
KINGSGUARD,MILITANT,2
LANCEL,MARGAERY,2
CLIENT,MILITANT,2
CAPTAIN,JAIME,2
BLONDE PROSTITUTE,MAN,2
DAENERYS,MOSADOR,2
PRIESTESS,VARYS,2
BOLTON GUARD,CUT TO,2
FIRST MATE,YARA,2
TWYIN,TYWIN,2
DAV OS,TYCHO,2
JORAH,KOVARRO,2
TOMMEN,WOMAN,2
KINGSGUARD,TOMMEN,2
JON,RATTLESHIRT,2
CERSEI,LORAS,2
HIGH SEPTON,INT,2
HIGH SEPTON,TYRION,2
HIGH SEPTON,JOFFREY,2
DAARIO,INT,2
DAARIO,PRENDAHL,2
MACE,PYCELLE,2
CERSEI,MACE TYRELL,2
CERSEI,HUNTERS,2
DAENERYS,SELYSE,2
BRONN,DAENERYS,2
ALLISER,YARWICK,2
ALLISER,GRENN,2
DAENERYS,WALDER,2
DAENERYS,MANSERVANT,2
DAENERYS,GOATHERD,2
IRONBORN,YARA,2
RAMSAY,YARA,2
HIGH SEPTON,LANCEL,2
JAQEN,MAN,2
RATTLESHIRT,YGRITTE,2
QHORIN,RATTLESHIRT,2
QHORIN,SAM,2
CUT TO,OSHA,2
JOJEN,OLD MAN,2
MACE,SHAE,2
JAIME,YTRION,2
JAIME,TYRIOM,2
MOUNTIAN,TYWIN,2
OBERYN,PYCELLE,2
DAENERYS,THE HOUND,2
DAARIO,MOSSADOR,2
AEMON,SHADOW TOWER BROTHER,2
JANOS,MEN,2
BAELISH,GUARD,2
BRIENNE,GUARD,2
BARRISTAN,HIZDAHR,2
BRAN,FARLEN,2
GOLD CLOAK,WOMAN,2
CUT TO,ROYCE,2
ROYCE,SANSA,2
DAGMER,MAN,2
GUARD,INT,2
TOGETHER,TYRION,2
GUARD,HOUND,2
MERRY,WALDER,2
AREO,JAIME,2
ARMORY,TYWIN,2
PROSTITUTE,WHITE RAT,2
MAGGY,MELARA,2
MARGAERY,OLYVAR,2
CUT TO,OLYVAR,2
EXT,HOUND,2
JAIME,WOMAN,2
GRENN,JANOS,2
CUT TO,DANY,2
CROWD,GUARD,2
GUARD,MERYN,2
AEMON,ALL TOGETHER,2
BARRISTAN,MOSSADOR,2
INT,JAQEN,2
LUWIN,RICKON,2
DAGMER,LUWIN,2
ARYA,TWYIN,2
INT,SPICE KING,2
SAM,YGRITTE,2
DAVOS,MANCE,2
EXT,ROOSE BOLTON,2
EXT,SOLDIER,2
LORD BOLTON,RAMSAY,2
EDMURE,YOHN ROYCE,2
EDMURE,SAM,2
MANCE,YGRITTE,2
CUT TO,MANCE,2
INT,THOROS,2
ARAY,THE HOUND,2
GARED,WILL,2
ARYA,VICKY,2
MAESTER WOLKAN,ROBIN,1
ALL,CUT TO,1
IRONBORN LORD,YARA,1
DORNISH PRINCE,YARA,1
EXT,MISSANDEI,1
CUT TO,JOJEN,1
MEN,THE HOUND,1
MAN,TALISA,1
SANSA,SEPTA MORDANE,1
CASSEL,ROBB,1
ROBB,WILL,1
ALL,SAM,1
INT,WALDER FREY,1
HODOR,INT,1
INT,JOJEN,1
INT,PODRICK,1
CUT TO,MORGAN,1
BRONN,TYWIN,1
MEN,TYRION,1
ALL,SHAE,1
FATHER,MAN,1
CAPTAIN,TYRION,1
CAPTAIN,QYBURN,1
ALL,DAVOS,1
GENDRY,MAN,1
JAIME,SOLDIER,1
GREY WORM,JAIME,1
EXT,SEPTON,1
PODRICK,VARYS,1
AMORY,INT,1
JANOS,THENN WARG,1
ALLISER,THENN WARG,1
AEMON,PYP,1
AEMON,YGRITTE,1
MOUNTAIN,TYWEN,1
FENNESZ,MISSANDEI,1
ED,YGRITTE,1
COOPER,GRENN,1
CATELYIN,TALISA,1
CATELYIN,ROBB,1
QUENT,ROBB,1
QUENT,SOLDIER,1
ARYA,GUARD,1
BRAN,RIKON,1
GIRL,JOJEN,1
GUARD,WOMAN,1
EXT,HIGH SEPTON,1
AEMON,TORMUND,1
AEMON,CUT TO,1
BARRISTAN,FENNESZ,1
DAENERYS,PROSTITUTE,1
EXT,PRENDAHL,1
GREY WORM,MERO,1
GILLY,THE HOUND,1
INT,PYATT PREE,1
DROGO,INT,1
EXT,JAQEN,1
EXT,KOVARRO,1
ROBB,SEPTON,1
HOUND,TYRION,1
HOUND,PODRICK,1
CUT TO,OLD MAN,1
LORD ROYCE,SER VANCE,1
SANSA,SER VANCE,1
EVERYONE,RALF,1
EVERYONE,THEON,1
RALF,RAMSAY,1
COOPER,DONNEL,1
DONNEL,ED,1
ALLISER,ED,1
JANOS,TORMUND,1
ALLISER,TORMUND,1
TWYIN,VARYS,1
CUT TO,ED,1
OSHA,RIKON,1
ALLISER,GILLY,1
AREO,ELLARIA,1
LOLLYS,LOLLYS STOKEWORTH,1
JAIME,LOLLYS STOKEWORTH,1
BRIENNE,KNIGHT,1
INT,QHORIN,1
BRAN,DAGMER,1
IRONBORN,THEON,1
FARLEN,IRONBORN,1
CUT TO,PROSTITUTE,1
CUT TO,PRIEST,1
CUT TO,MELARA,1
TYRION,WOMAN,1
CUT TO,DAARIO NAHARIS,1
CERSEI,KEVAN LANNISTER,1
KEVAN LANNISTER,LANCEL,1
DAGMER,EXT,1
DANAERYS,EXT,1
DANAERYS,XARO,1
ED,SAM,1
OBERYN,SANSA,1
ELLARIA,PYCELL,1
PYCELL,TYRION,1
BABY,GILLY,1
MEERA,SEPTON,1
EDMURE,SEPTON,1
EDMURE,ROSLIN,1
BAELISH,SQUIRE,1
ROYCE,SQUIRE,1
BAELISH,YOHN ROYCE,1
MASTER OF ARMS,YOHN ROYCE,1
CUT TO,MASTER OF ARMS,1
SAM,SHIREEN,1
KEVAN,SHIREEN,1
KNIGHT,PODRICK,1
PODRICK,WAITRESS,1
ARYA,PODRICK,1
ARYA,BRAAVOSI MAN,1
MANCE,MELISANDRE,1
DAENERYS,HIZDAHR ZO LORAQ,1
DAARIO NAHARIS,HIZDAHR ZO LORAQ,1
FARLEN,THEON,1
ARYA,JORAH,1
JORAH,XARO,1
JEOR,XARO,1
CERSEI,LANCEL LANNISTER,1
GRAND MAESTER PYRCELLE,LANCEL LANNISTER,1
GRAND MAESTER PYRCELLE,LORAS,1
HODOR,RODRIK,1
JORAH,ROSLIN,1
DAARIO,JON,1
JOJEN,JON,1
JOJEN,TORMUND,1
OLD MAN,YGRITTE,1
HODOR,OLD MAN,1
CERSEI,GUARD,1
CUT TO,PYELLE,1
PYELLE,TYWIN,1
DAARIO,ELLARIA,1
DAENERYS,JAQEN,1
BROTHERS,MAN,1
BROTHER,BROTHERS,1
AEMON,BROTHER,1
AEMON,ALLISER,1
DAARIO,MELISANDRE,1
BRONN,YARWICK,1
JON,YARWICK,1
THE HOUND,THE MOUNTAIN,1
BLACK LORREN,DAGMER,1
BLACK LORREN,MEN,1
FIRST MATE,THEON,1
CROWD,HIGH SEPTON,1
CROWD,LANCEL,1
LANCEL,OLYVAR,1
RAMSAY,WOMAN,1
MAN,ROOSE,1
BYSTANDERS,TOMMEN,1
BYSTANDERS,CUT TO,1
CUT TO,QHORIN,1
EXT,RODRIK,1
IRRI,WOMAN,1
HIGH SEPTON,MACE,1
MACE,QYBURN,1
JON,SELYSE,1
KINGSGUARD,WOMAN,1
PYAT PREE,PYATT PREE,1
INT,MYRANDA,1
BABY,CUT TO,1
BABY,EXT,1
LORAS,TYWIN,1
GENDRY,STANNIS,1
BARRISTAN,GREY WORM,1
BARRISTAN,CROWD,1
CROWD,MOSSADOR,1
KEVAN,PYCELLE,1
KEVAN,QYBURN,1
CATELYN,WINTERFELL SHEPHERD,1
DAGMER,WINTERFELL SHEPHERD,1
LUWIN,MAN,1
CHILD,MAN,1
CHILD,WOMAN,1
EXT,WOMAN,1
RICKARD KARSTARK,ROOSE,1
EXT,XARO,1
THE MOUNTAIN,TWYIN,1
CUT TO,MORAG,1
GRENN,MAN,1
CUT TO,DOLROUS EDD,1
DOLROUS EDD,GRENN,1
CUT TO,QUAITHE,1
QUAITHE,XARO,1
PYATT PREE,XARO,1
GIRL,STANNIS,1
BRONN,LANCEL,1
MAID,TYRION,1
CERSEI,KINGSGUARD,1
LORAS,MILITANT,1
MILITANT,OLYVAR,1
MERCHANT,OLYVAR,1
HIGH SPARROW,MERCHANT,1
BRONN,CAPTAIN,1
HIZDAHR,WOMAN,1
BARRISTAN,DARIO,1
CUT TO,OBARA,1
ELARIA,NYMERIA,1
HAYLENE,INT,1
CROWD,DAARIO,1
CROWD,VARYS,1
JAIME,TYENE,1
DOLOROUD EDD,GRENN,1
DOLOROUD EDD,JON,1
JON,KARL TANNER,1
MERYN TRANT,TYRION,1
CUT TO,MERYN TRANT,1
CUT TO,TWYIN,1
MAN,TOMMEN,1
MACE,TYWIN,1
MACE,OBERYN,1
INT,PYAT PREE,1
PYAT PREE,XARO,1
PYAT PREE,SPICE KING,1
ARYA,GIRL,1
DAGMER,YARA,1
BLACK LORREN,YARA,1
JORAH,LANCEL,1
BUYER,MALKO,1
MAID,SHAE,1
BRYNDEN,LOTHAR,1
CUT TO,YGRITTE,1
BOY,WOMAN,1
GIRL,WOMAN,1
BOY,GIRL,1
BOY,MAN,1
MAN,YGRITTE,1
CUT TO,XARO,1
INT,XARO,1
BRIENNE,RAMSAY,1
MAN,SAM,1
JAQEN,TYWIN,1
REGINALD,THEON,1
AEMON,GILLY,1
AEMON,RAMSAY,1
AEMON,SANSA,1
LORAS,OLENNA,1
SPARROW,SQUIRE,1
DAARIO,OLENNA,1
BUER,DAARIO,1
ALLISTER,JON,1
ALLISTER,SAM,1
OLENNA,RIDER,1
AREO,RIDER,1
BRONN,TRYSTANE,1
BRONN,SAND SNAKES,1
ELLARIA,SAND SNAKES,1
DORAN,MYRCELLA,1
BAELISH,TRYSTANE,1
INT,QUAITH,1
EXT,QUAITH,1
ALTON,GUARD,1
JOJEN,MAN,1
EXT,FIRST MATE,1
CUT TO,MYRANDA,1
DAVOS,WOMEN,1
SALLADOR,WOMEN,1
INT,SALLADOR,1
DOLOROUS EDD,LOCKE,1
EXT,LOCKE,1
INT,MEERA,1
BRIENNE,RAST,1
ALLISER,RAMSAY,1
ALLISER,BROTHERS,1
BROTHERS,SAM,1
HOT PIE,MOUNTAIN,1
BUER,TYRION,1
THE MOUNTAIN,TYRION,1
GENDRY,POLLIVER,1
GENDRY,TYWIN,1
POLLIVER,THE MOUNTAIN,1
THE MOUNTAIN,THE TICKLER,1
THE MOUNTAIN,XARO,1
QYBURN,SANSA,1
JAQEN,QYBURN,1
DAENERYS,MEN,1
HIZDAHR,OWNER,1
DAENERYS,OWNER,1
MALKO,SAM,1
BRAND,GILLY,1
DERRYK,STANNIS,1
INT,OLYVAR,1
OWNER,SLAVE OWNER,1
BAELISH,SLAVE OWNER,1
BAELISH,TYENE,1
MYRCELLA,TYENE,1
AREO,MYRCELLA,1
AREO,CERSEI,1
CERSEI,SQUIRE,1
GILLY,OLLY,1
CERSEI,GILLY,1
JORAH,SPICE KING,1
DAENERYS,RENLY,1
ARYA,STANNIS,1
ARYA,PRISONER,1
SOLDIER,THE TICKLER,1
MOUNTAIN,SOLDIER,1
INT,ORELL,1
GIANT,LOBODA,1
GIANT,WILDLING ELDER,1
TORMUND,WILDLING ELDER,1
JORAH,SEPTA,1
DAENERYS,RAMSAY,1
BOLTON BANNERMAN,ROOSE,1
BOLTON BANNERMAN,THEON,1
BRONN,NYMERIA,1
DORAN,TRYSTANE,1
ELLARIA,TRYSTANE,1
JAIME,SHIREEN,1
ALLISER,DAVOS,1
ALLISER,STANNIS,1
LOBODA,WUN WUN,1
KARSI,WUN WUN,1
MACE,MERYN,1
BANKER,THIN MAN,1
ARYA,DORAN,1
BRONN,DORAN,1
JAIME,NYMERIA,1
AREO,TYENE,1
AREO,BRONN,1
INT,JORAH,1
EXT,SHIREEN,1
INT,LOCKE,1
BERIC,MAN,1
BERIC,INT,1
BARRISTAN,RADZAL MO ERAZ,1
MISSANDEI,RADZAL MO ERAZ,1
CUT TO,ORELL,1
BRYNDEN,INT,1
ELLARIA,SHIREEN,1
DORAN,JAQEN,1
JOHN,MERYN,1
OBERYN,THE HOUND,1
PODRICK,THE HOUND,1
BRIENNE,LYSA,1
CUT TO,LYSA,1
LOCKE,MEERA,1
LOCKE,RAST,1
CUT TO,KNIGHT,1
DAENERYS,LITTLEFINGER,1
JORAH,MARGAERY,1
ARYA,JOHN,1
ARYA,PROSTITUTE,1
BROTHEL KEEPER,PROSTITUTE,1
BROTHEL KEEPER,MERYN,1
LOTHAR,ROBB,1
ANGUY,MAN,1
ANGUY,CUT TO,1
EXT,THOROS,1
SHIREEN,TYWIN,1
MAN,MYRANDA,1
HIZDAHR,STRONG,1
QUICK,STRONG,1
ARYA,CATELYN,1
DAENERYS,MARGAERY,1
DAISY,JOFFREY,1
ANNOUNCER,QUICK,1
DAVOS,QYBURN,1
MAN,QYBURN,1
CROWD,WOMAN,1
CROWD,SEPTA,1
CUT TO,HANDMAIDEN,1
DAISY,HOUND,1
BRONN,MERYN,1
JOFFREY,TALISA,1
ROOSE BOLTON,WOUNDED SOLDIER,1
MEN,ROOSE BOLTON,1
BOLTON OFFICER,BRIENNE,1
ALLISER,BROTHER,1
ALLISER,OLLY,1
SEPTA,SPARROW,1
ARYA,JAIME,1
ARYA,MERYN,1
MERYN,THEON,1
INT,RICKARD KARSTARK,1
EDMURE,EXT,1
EDMURE,MAN,1
PODRICK,STANNIS,1
MELISANDRE,SOLDIER,1
JAIME,SEPTA UNELLA,1
CERSEI,HANDMAIDEN,1
CUT TO,HIGH SEPTON,1
MEERA,RAST,1
BRAN,RAST,1
BRAN,TANNER,1
HODOR,RAST,1
SISSY,WOMEN,1
EXT,KARL TANNER,1
ARYA,PIG FARMER,1
THE HOUND,WALDER,1
FREY MAN,THE HOUND,1
CATELYN,FREY MAN,1
FREY GUARD,WALDER,1
AERON,MELISANDRE,1
BRAN,YOUNG RODRIK,1
CUT TO,YOUNG RODRIK,1
ALLISER THORNE,WAIF,1
ARYA,KHAL MORO,1
CUT TO,KHAL MORO,1
RED PRIEST,VARYS,1
NYMERIA,TYRION,1
OBARA,TRYSTANE,1
CUT TO,TRYSTANE,1
DORAN,MAESTER,1
ELLARIA,MAESTER,1
DORAN,HIGH SPARROW,1
HIGH SPARROW,SEPTA UNELLA,1
JAQEN,LORD KARSTARK,1
TYRION,WAIF,1
BRAN,KHAL MORO,1
KINGSGUARD,NED,1
ARTHUR,KINGSGUARD,1
ARTHUR,BRAN,1
BRAN,GILLY,1
MAN,RENNICK,1
AMORY,POLLIVER,1
ARMORY,POLLIVER,1
ARMORY,HOT PIE,1
CUT TO,STORYTELLER,1
STORYTELLER,TORMUND,1
ALLISER THORNE,TORMUND,1
ALLISER THORNE,CHILD OF THE FOREST,1
BRAN,YOUNG HODOR,1
YOUNG HODOR,YOUNG LYANNA,1
MAN,YOREN,1
CUT TO,MAESTER WOLKAN,1
RAMSEY,ROOSE,1
LORD KARSTARK,RAMSEY,1
ROBB,THE HOUND,1
CATELYN,EVERYBODY,1
EVERYBODY,WALDER,1
TALISA,WALDER,1
BLACKFISH,ROBB,1
GREY WORM,SLAVES,1
GREY WORM,MEEREEN SLAVE,1
MEEREEN SLAVE,MOSSADOR,1
INT,JACKS,1
BARRISTAN SELMY,DAEYNERYS,1
TANNER,WOMAN,1
JON,WOMAN,1
MAESTER WOLKAN,ROOSE,1
DOTHRAKI MATRON,VARYS,1
DAENERYS,DOTHRAKI WOMAN,1
DOTHRAKI WOMAN,KHAL MORO,1
DOLOROUS EDD,RAMSAY,1
SANSA,TYWIN,1
ROOSE BOLTON,SALLADHOR,1
MERYN TRANT,PODRICK,1
PODRICK,WHORE,1
BRONN,MANCE,1
BOY,JON SNOW,1
BITER,POLLIVER,1
BITER,JAQEN,1
JAQEN,YOREN,1
AMORY,PRISONER,1
BRIENNE,THEON,1
BRIENNE,RAMSEY,1
EXT,PRIEST,1
INT,LORAS,1
HIGH SPARROW,WAIF,1
DAARIO,DARRIO,1
DARRIO,JORAH,1
GREY WORM,YEZZAN,1
GREY WORM,RAZDAL,1
CUT TO,YEZZAN,1
MAN,PRISONER,1
CUT TO,KEVAN,1
JAIME,MAESTER PYCELLE,1
LADY OLENNA,MACE TYRELL,1
KEVAN,MACE TYRELL,1
KEVAN,MAESTER PYCELLE,1
ARTHUR,LITTLE BIRD,1
QYBURN,VARYS,1
TIMETT,TYRION,1
PYCELLE,TIMETT,1
DROWNED PRIEST,INT,1
PRIEST,THEON,1
LOCKE,SAM,1
CUT TO,LOCKE,1
CUT TO,JANOS SLYNT,1
GRENN,OLLY,1
JON,OLENNA,1
DAENERYS,SLAVES,1
ARYA,TORMUND,1
JOJEN,RICKON,1
OSHA,THE HOUND,1
MAESTER AEMON,PYP,1
ALLISER THORNE,MEN,1
STYR,YARWYCK,1
MAESTER PYCELL,MAESTER PYCELLE,1
DAENERYS,HIGH SPARROW,1
CUT TO,LEADER,1
CAMELLO,CLARENZO,1
GREY WORM,LITTLEFINGER,1
BRIENNE,ROBIN,1
CUT TO,KRAZNYS MO NAKLOZ,1
GILLY,RAST,1
MARTYN,RICKARD KARSTARK,1
RICKARD KARSTARK,WILLEM,1
MARTYN,WILLEM,1
CHILD,CUT TO,1
CUT TO,MAID,1
GUARD,MELISANDRE,1
JORAH,ROS,1
CUT TO,YOREN,1
JON SNOW,OTHELL YARWICK,1
CUT TO,MOSSADOR,1
EXT,WILDLING,1
QHORIN,WILDLING,1
JAIME,RICKARD KARSTARK,1
BRIENNE,RICKARD KARSTARK,1
MAN,RICKARD KARSTARK,1
CUT TO,JACKS,1
EXT,OLLY,1
OBERYN,SAM,1
MOLE'S TOWN MADAM,MOLE'S TOWN WHORE,1
MOLE'S TOWN WHORE,SAM,1
CUT TO,LADY OLENNA,1
SANSA,TOMMEN,1
INT,MYRCELLA,1
EXT,GERARD,1
CATELYN,MARGAERY,1
CATELYN,COLEN,1
COLEN,RENLY,1
CROWD,LORAS,1
CLARENZO,CUT TO,1
BIANCA,CLARENZO,1
LITTLEFINGER,WAIF,1
BRIENNE,LITTLEFINGER,1
KHAL MORO,SANSA,1
CUT TO,RICKARD,1
RICKARD,YOUNG NED,1
CUT TO,YOUNG NED,1
HODOR,LEAF,1
DOLOROUS EDD,MEERA,1
ALLISER THRONE,DOLOROUS EDD,1
ALLISER THRONE,OTHELL YARWICK,1
CUT TO,KINVARA,1
EURON,JORAH,1
ALLISER THORNE,RANGER,1
HOUND,RANGER,1
HIGH SEPTON,JAIME,1
DAEYNERYS,GREY WORM,1
BARRISTAN SELMY,JORAH,1
EXT,PYP,1
ALLISER THORN,CUT TO,1
MAID,PYCELLE,1
SER DONTOS,TYWIN,1
JOFFREY,JOFFREY DWARF,1
JOFFREY DWARF,TYRION,1
ALL,EURON,1
AERON,LEAF,1
NAN,YOUNG HODOR,1
CLARENZO,SAM,1
RANDYLL,TALLA,1
GILLY,MARGAERY,1
TALLA,TOMMEN,1
GILLY,RIDER,1
BENJEN,DAARIO,1
CROWD,MAN,1
INT,RAST,1
LITTLEFINGER,PODRICK,1
EXT,KRAZNYS,1
BRAN,NED STARK,1
JON,NED STARK,1
CHILD,DAENERYS,1
CHILD,JORAH,1
CUT TO,NAN,1
BRAN,JON SNOW,1
CAMELLO,CUT TO,1
GUARD,RORGE,1
MAN,RORGE,1
KEVAN,TWYIN,1
INT,KEVAN,1
BRINENNE,INT,1
ROBB,SOLDIER,1
CATELYN,SOLDIER,1
OLLY'S MOTHER,STYR,1
MAN,OLLY'S MOTHER,1
GUYMON,MAN,1
DAARIO,TALISA,1
JORAH,OSHA,1
CUT TO,ROS,1
CROWD,JOFFREY,1
CERSEI,CROWD,1
CUT TO,LEM,1
GILLY,SAME,1
BRAN,RIDER,1
CERSEI,MEERA,1
HODOR,LUWIN,1
TOMMEN,WALDER,1
OLENNA,TOMMEN,1
HIGH SPARROW,WOMAN,1
CAPTAIN,MACE,1
ARYA,IZEMBARO,1
CUT TO,LOTHAR,1
MAN,OLENNA,1
CERSEI,TORMUND,1
CUT TO,LOMMY,1
CUT TO,LEAF,1
ARYA,BIANCA,1
BAELISH,MAN,1
JOFFFREY,LORAS,1
JOFFFREY,JOFFREY,1
PODRICK,PYCELLE,1
CERSEI,MALE SINGER,1
ALL,MEN,1
JOFFREY,RENLY DWARF,1
JOFFREY,OBERYN,1
CERSEI,ELLARIA,1
LOCKE,MERYN TRANT,1
MERYN TRANT,ROOSE,1
DIM DALBA,JON SNOW,1
CUT TO,DIM DALBA,1
HIGH SPARROW,RAY,1
MAN,SANDOR,1
LADY CRANE,MAN,1
BLACKSMITH,JAQEN,1
JANOS,JOFFREY,1
CATELYN,JOFFREY,1
ROBB,STANNIS,1
JON,MATTHOS,1
EDD,SAME,1
ALTON,TYRION,1
DAVOS,YARA,1
BRYNDEN,ROBETT,1
BRYNDEN,DAVOS,1
BLACK WALDER,BRONN,1
BERIC,GREY WORM,1
CUT TO,EDMURE,1
CUT TO,GUARD CAPTAIN,1
JAIME,MISSANDEI,1
MISSANDEI,QYBURN,1
LORAS,MACE,1
CUT TO,GIRL,1
GIRL,PYCELLE,1
MISTRESS,PYCELLE,1
CUT TO,MISTRESS,1
SMALLJON,TORMUND,1
INT,OSHA,1
CROWD,QYBURN,1
CROWD,TOMMEN,1
KEVAN,TOMMEN,1
BRYNDEN,PODRICK,1
MAN,PODRICK,1
LANCEL,QYBURN,1
JON SNOW,TYRION,1
RAZDAL,YEZZAN,1
CUT TO,GOLD CLOAK,1
RAMSAY,TORMUND,1
DAENERYS,YEZZAN,1
CUT TO,WAIF,1
PODRICK,TYRON,1
STANNIS DWARF,TYRON,1
ROBB DWARF,STANNIS DWARF,1
BALON DWARF,STANNIS DWARF,1
JOFFREY DWARF,STANNIS DWARF,1
RENLY DWARF,ROBB DWARF,1
BLACKFISH,LOTHAR,1
LOTHAR,TALISA,1
CUT TO,DAGMER,1
DOLOROUS EDD,EXT,1
ATTENDANT,WALDER,1
HIGH SPARROW,LANCEL,1
MACE,MARGAERY,1
ARYA,PETYR,1
ELLARIA,VARYS,1
JON SNOW,OLENNA,1
CUT TO,MAESTER,1
WALDER FREY,WALDERY FREY,1
BARRISTAN,MELISANDRE,1
RAMSEY,THEON,1
RAMSAY,RAMSEY,1
EDDISON,INT,1
EDDISON,RAST,1
MAID,OLENNA,1
EXT,MAID,1
JOFFREY,OLENNA,1
CATELYN,JOJEN,1
DAVOS,KARSTARK,1
KARSTARK,RAMSAY,1
INT,LORD OF BONES,1
LORD OF BONES,QUORIN,1
CERSEI,MAID,1
JOFFREY,MUSICIAN,1
MUSICIAN,OLENNA,1
EXT,MACE,1
EXT,ROOSE,1
LOCKE,ROOSE,1
DAENERYS,DENERYS,1
DAARIO,DENERYS,1
EXT,QUORIN,1
TANSY,THEON,1
MYRANDA,TANSAY,1
LYANNA,VALE KNIGHT,1
LYANNA,MEERA,1
BENJEN,PETYR,1
CUT TO,LORD MORMONT,1
ALL,QYBURN,1
DAENERYS,EDD,1
BLACKSMITH,GOLD CLOAK,1
GOLD CLOAK,JANOS,1
JOFFREY,ROZ,1
ROBB,THE OTHERS AT THE TABLE,1
SER RODRIK,THE OTHERS AT THE TABLE,1
ROBB,SER RODRIK,1
ALL,JAIME,1
ALL,GLOVER,1
LITTLE SAM,SANDOR,1
BRIENNE,PETYR,1
GLOVER,MANDERLY,1
LYANNA,MANDERLY,1
JON SNOW,VALE KNIGHT,1
GILLY,LITTLE SAM,1
LYANNA MORMONT,ROBETT GLOVER,1
ROBETT GLOVER,YOHN ROYCE,1
JON,YOHN ROYCE,1
CUT TO,RAKHARO,1
CUT TO,DOREAH,1
OSHA,PORTAN,1
LUWIN,PORTAN,1
CUT TO,LORD,1
MARWYN,MISSANDEI,1
PETYR,TORMUND,1
ALL,JON,1
JON,YOHN,1
ALL,WALDER,1
ALL,WALDERY FREY,1
DAENERYS,ELLARIA,1
CERSEI,RANDYLL,1
RAMSAY,TANSAY,1
INNKEEPER,POLLIVER,1
INNKEEPER,MAN,1
ARYA,SER DONTOS,1
JAIME,SER DONTOS,1
BRIENNE,DAENERYS,1
DAAERIO,DAARIO,1
DAAERIO,DAENERYS,1
JAIME,MARGAERY,1
MYRANDA,TANSY,1
GIRL,PODRICK,1
GIRL,SANSA,1
EXT,FREY MAN,1
FREY MEN,MAN,1
CROWD,DAUGHTER,1
CUT TO,NYMERIA,1
JON,LYANNA MORMONT,1
JORAH,VARYS,1
EXT,MEN,1
EXT,PYCELLE,1
EDMURE,INT,1
JORAH,KRAZNYS,1
BARRISTAN,MISSANDEI,1
GREIZHEN,MISSANDEI,1
DAENERYS,GREIZHEN,1
EXT,TORTURER,1
GREY WORM,OLENNA,1
DAENERYS,ELLIA,1
CRASTER,WATCHMAN,1
LORD MORMONT,WATCHMAN,1
QYBURN,RANDYLL,1
SER DONTOS,TYRION,1
ANNOUNCER,SER DONTOS,1
BRONN,GUARD,1
CUT TO,RANDYLL,1
BENJEN,CUT TO,1
JON SNOW,SANDOR,1
JON SNOW,THOROS,1
JON,SANDOR,1
ELLIA,YARA,1
CUT TO,DICKON,1
BRAN,GUARD,1
BAELISH,YOHN,1
CUT TO,MESSENGER,1
DAERNEYS,DAVOS,1
DAERNEYS,TYRION,1
CUT TO,TYENE,1
BAELISH,PYCELLE,1
MYRCELLA,TYRION,1
JOFFREY,MYRCELLA,1
BRONN,JOFFREY,1
DAUGHTER,MAN,1
INT,MAESTER AEMON,1
INT,SAM,1
FREY SOLDIER,HOUND,1
EXT,FREY SOLDIER,1
BALON,INT,1
GILLY,JOJEN,1
CERSEI,CERSIE,1
JAIME,SHAE,1
DAARIO,SHAE,1
INT,MEN,1
MORGAN,MORGAN'S FRIEND,1
LYANNA,RHAEGAR,1
CUT TO,RHAEGAR,1
BRAN,LITTLEFINGER,1
CUT TO,HARRAG,1
JORAH,SANDOR,1
GENDRY,JORAH,1
ROBETT,YOHN,1
SANDOR,SOLDIER,1
BERIC,TORMUD,1
SANDOR,TORMUD,1
ANNOUNCER,JOFFREY,1
BRAN,ROBERT,1
ROBERT,THE HOUND,1
KHAL DROGO,THE HOUND,1
KHAL DROGO,VISERYS,1
BAELISH,JANOS,1
JOFFREY,MANDON,1
LANCEL,MAN,1
ARYA,QYBURN,1
A VOICE,NED,1
A VOICE,CATELYN,1
ROBB,SANSA,1
CERSEI,ROBB,1
BENJEN,SANSA,1
SANSA,VISERYS,1
GENDRY,TYRION,1
JORAH,VISERYS,1
DAENERYS,ILLYRIO,1
LUWIN,VISERYS,1
JON,MAESTER WOLKAN,1
BRAN'S VOICE,CUT TO,1
BRAN,BRAN'S VOICE,1
DAVOS,JAIME,1
DAENERYS,EURON,1
CERSEI,SANDOR,1
BRONN,SANDOR,1
MAESTER AEMON,OLENNA,1
JON,MAESTER AEMON,1
JANOS SLYNT,MAESTER AEMON,1
CUT TO,OFFICER,1
OFFICER,STYR,1
STYR,WARG,1
TORMUND,WARG,1
MAREI,TORMUND,1
JAIME,MAREI,1
CERSIE,QYBURN,1
LANCEL,SANSA,1
MAN,MANDON,1
BRONN,MAREI,1
CUT TO,DIRAH,1
LYANNA,LYANNA MORMONT,1
LYANNA MORMONT,MAESTER WOLKAN,1
DAENERYS,WOLKAN,1
BOTH,JAIME,1
BOTH,TYRION,1
BRAN,DAENERYS,1
DAENERYS,DAENERYS TARGARYEN,1
CUT TO,DAENERYS TARGARYEN,1
VARYS,WOLKAN,1
CRAYAH,QYBURN,1
CRAYAH,MAREI,1
GREY WORM,UNSULLIED CAPTAIN,1
CUT TO,UNSULLIED CAPTAIN,1
ALL,BRAN,1
ARYA,THEON,1
SAMWELL,TYRION,1
TEELA,TORMUND,1
GILLY,TEELA,1
TEELA,WOMAN,1
GILLY,MAN,1
HOUND,JAIME,1
BRIENNE,SOLDIER,1
GENDRY,VALE LORD,1
IRONBORN LORD,VALE LORD,1
CRASTER,CUT TO,1
CRASTER,WOMAN,1
INT,WOMAN,1
CRASTER,SAM,1
ARYA,DRIVER,1
ANGUY,DRIVER,1
GREY WORM,MELISANDRE,1
NORTHMAN,SOLDIER,1
INT,NORTHMAN,1
LANCEL,SHAE,1
CUT TO,MATTHOS,1
CROWD,MISSANDEI,1
CROWD,CUT TO,1
JORAH,OBERYN,1
EXT,LANCEL,1
EXT,MATTHOS,1
BRAN,BRONN,1
SAM,YOHN ROYCE,1
SANSA,YOHN ROYCE,1
EDMURE,SANSA,1
EDMURE,GREY WORM,1
BRAN,TORMUND,1
JAIME,JORAH,1
MISSANDEI,SANSA,1
JON,SOLDIER,1
EURON,SOLDIER,1
FATHER,WOMAN,1
ROBERT,VISERYS,1
JAIME,ROS,1
NED,SANSA,1
ROBERT,SANSA,1
ARYA,NED,1
EDD,WOMAN,1
GREY WORM,TORMUND,1
HOUND,SARRA,1
SARRA,THE HOUND,1
TORMUND,WILLA,1
THE HOUND,WILLA,1
MAN,OWEN,1
MAESTER WOLKAN,YOHN ROYCE,1
RIVERLANDS LORD,YOHN ROYCE,1
EDMURE,RIVERLANDS LORD,1
EDMURE,TYRION,1
CATELYN,JON,1
BRAN,CASSEL,1
CUT TO,OWEN,1
ARYA,DAVOS,1
ARYA,YARA,1
GREY WORM,YARA,1
DORNISH PRINCE,ROBIN,1
TORMUND,WOMAN,1
ALL,WOMAN,1
ALL,DAENERYS,1
DAENERYS,TORMUND,1
DANY,SER BARRISTAN,1
BOY,SER BARRISTAN,1
BOY,CUT TO,1
NED,WILL,1
QYBURN,THE HOUND,1
CERSEI,HOUND,1
JON,LANNISTER SOLDIER,1
CUT TO,LANNISTER SOLDIER,1
SOLDIER,WOMAN,1
NED,SEPTA MORDANE,1
ALL,MAN,1
DAVOS,SAM,1
ARYA,DAENERYS,1
HOUND,MAN,1
GARED,JON,1
CUT TO,NORA,1
